model,params,mean_test_accuracy,mean_test_precision,mean_test_recall,mean_test_f1,mean_train_accuracy,mean_train_precision,mean_train_recall,mean_train_f1,overfit,overfit_flg
RandomForest,"{'n_estimators': 60, 'max_depth': 16, 'max_features': 'log2', 'max_samples': 0.808973326012758}",0.8595880995825717,0.7683014512596245,0.591597978770234,0.6684657407535811,0.9392121847960189,0.9386478394806067,0.7981094650095132,0.8626817550418652,0.19421601428828406,True
RandomForest,"{'n_estimators': 97, 'max_depth': 29, 'max_features': 'sqrt', 'max_samples': 0.7033290287098201}",0.8595880995825717,0.7683014512596245,0.591597978770234,0.6684657407535811,0.9392121847960189,0.9386478394806067,0.7981094650095132,0.8626817550418652,0.19421601428828406,True
RandomForest,"{'n_estimators': 133, 'max_depth': 14, 'max_features': 'log2', 'max_samples': 0.7685057276438134}",0.8595880995825717,0.7683014512596245,0.591597978770234,0.6684657407535811,0.9392121847960189,0.9386478394806067,0.7981094650095132,0.8626817550418652,0.19421601428828406,True
RandomForest,"{'n_estimators': 79, 'max_depth': 18, 'max_features': 'sqrt', 'max_samples': 0.8193008258811559}",0.8595880995825717,0.7683014512596245,0.591597978770234,0.6684657407535811,0.9392121847960189,0.9386478394806067,0.7981094650095132,0.8626817550418652,0.19421601428828406,True
RandomForest,"{'n_estimators': 55, 'max_depth': 26, 'max_features': 'log2', 'max_samples': 0.8240830811403832}",0.8595880995825717,0.7683014512596245,0.591597978770234,0.6684657407535811,0.9392121847960189,0.9386478394806067,0.7981094650095132,0.8626817550418652,0.19421601428828406,True
RandomForest,"{'n_estimators': 69, 'max_depth': 12, 'max_features': 'sqrt', 'max_samples': 0.7529558364824299}",0.8595880995825717,0.7683014512596245,0.591597978770234,0.6684657407535811,0.9392121847960189,0.9386478394806067,0.7981094650095132,0.8626817550418652,0.19421601428828406,True
RandomForest,"{'n_estimators': 174, 'max_depth': 29, 'max_features': 'sqrt', 'max_samples': 0.9488842254808982}",0.8595880995825717,0.7683014512596245,0.591597978770234,0.6684657407535811,0.9392121847960189,0.9386478394806067,0.7981094650095132,0.8626817550418652,0.19421601428828406,True
RandomForest,"{'n_estimators': 82, 'max_depth': 26, 'max_features': 'log2', 'max_samples': 0.9343488371882217}",0.8595880995825717,0.7683014512596245,0.591597978770234,0.6684657407535811,0.9392121847960189,0.9386478394806067,0.7981094650095132,0.8626817550418652,0.19421601428828406,True
RandomForest,"{'n_estimators': 54, 'max_depth': 12, 'max_features': 'log2', 'max_samples': 0.6087766917666683}",0.8626182843982733,0.7749650510595899,0.6001542896656676,0.6764447671866942,0.9267741059897157,0.9188306113098408,0.761230819604326,0.8326205907141727,0.1561758235274785,True
RandomForest,"{'n_estimators': 123, 'max_depth': 23, 'max_features': 'sqrt', 'max_samples': 0.7229543577633811}",0.8626182843982733,0.7749650510595899,0.6001542896656676,0.6764447671866942,0.9267741059897157,0.9188306113098408,0.761230819604326,0.8326205907141727,0.1561758235274785,True
RandomForest,"{'n_estimators': 72, 'max_depth': 30, 'max_features': 'log2', 'max_samples': 0.8664857442222743}",0.8582777787587075,0.7594724618996898,0.596731844385341,0.6683351845670161,0.9578539250471758,0.9617826222701972,0.8579624102944033,0.906875339410607,0.23854015484359092,True
RandomForest,"{'n_estimators': 107, 'max_depth': 27, 'max_features': 'sqrt', 'max_samples': 0.7142573835784357}",0.8610827308035711,0.7657487697982894,0.6043469531744924,0.6755340542916354,0.9491114579005998,0.9509445674753882,0.8301538455321172,0.8864124104255316,0.21087835613389627,True
RandomForest,"{'n_estimators': 118, 'max_depth': 15, 'max_features': 'log2', 'max_samples': 0.6306593118849962}",0.8578068721518141,0.7948123744711988,0.5469338004198155,0.6479253589492958,0.8747184808088416,0.8379646520510443,0.5906992195842603,0.6929068085297959,0.0449814495805001,False
RandomForest,"{'n_estimators': 140, 'max_depth': 10, 'max_features': 'sqrt', 'max_samples': 0.9408918808179902}",0.8576840107105447,0.7956579663241762,0.5453080477524758,0.6470440883481979,0.8642766567608199,0.8144923378938115,0.5604946070998751,0.663990648315326,0.016946559967128016,False
RandomForest,"{'n_estimators': 176, 'max_depth': 22, 'max_features': 'sqrt', 'max_samples': 0.6602263549624053}",0.8627206330910034,0.7773290855348938,0.5974161972517813,0.6755992407206652,0.9181647006959244,0.9058617487188426,0.7343204419163866,0.8111055628554014,0.13550632213473612,True
RandomForest,"{'n_estimators': 179, 'max_depth': 26, 'max_features': 'log2', 'max_samples': 0.9689538128861395}",0.8611441370009639,0.7718147437551411,0.5958760243876079,0.6725277271352339,0.9397956923825409,0.9387046421175951,0.8006764087733166,0.8641970386248882,0.19166931148965427,True
RandomForest,"{'n_estimators': 127, 'max_depth': 12, 'max_features': 'sqrt', 'max_samples': 0.8849327836484345}",0.8596290634571453,0.7962747715271141,0.5554901552473863,0.654394814607718,0.8709614824434925,0.8274735020028691,0.5821427330504995,0.6834305399003752,0.02903572529265719,False
RandomForest,"{'n_estimators': 184, 'max_depth': 10, 'max_features': 'log2', 'max_samples': 0.6164433262468386}",0.850456625276968,0.8054129755981054,0.49448192587945544,0.6127395330756767,0.8557389168680737,0.8204146414785457,0.5084282870484214,0.6277796257047291,0.01504009262905237,False
RandomForest,"{'n_estimators': 125, 'max_depth': 22, 'max_features': 'sqrt', 'max_samples': 0.6105890155461458}",0.8631505972025596,0.7771112185736472,0.6002399353670399,0.6773180847588177,0.915799949330628,0.9026245032551747,0.7264914550661352,0.8050094956680259,0.12769141090920821,True
RandomForest,"{'n_estimators': 195, 'max_depth': 21, 'max_features': 'sqrt', 'max_samples': 0.6065374161119478}",0.8627615806167492,0.7785609903234363,0.5959616261568429,0.6751311696414425,0.9110806536143382,0.8946188284260992,0.7122876516199961,0.7930843781420237,0.11795320850058122,True
RandomForest,"{'n_estimators': 149, 'max_depth': 22, 'max_features': 'sqrt', 'max_samples': 0.6093543799324113}",0.8622088003376008,0.7752988274247508,0.5972452792722026,0.6747211615347425,0.9160661107631024,0.902787665825969,0.7276038222554657,0.8057454381371357,0.13102427660239324,True
RandomForest,"{'n_estimators': 199, 'max_depth': 22, 'max_features': 'sqrt', 'max_samples': 0.6107512096170538}",0.8626182693070477,0.776161046018431,0.5984430011272986,0.6758135048617562,0.9159842150828291,0.9026395326230823,0.7273470993268615,0.805538558655854,0.12972505379409782,True
RandomForest,"{'n_estimators': 152, 'max_depth': 22, 'max_features': 'log2', 'max_samples': 0.6057969546278643}",0.8606527390247679,0.7797455798201622,0.5821000044810779,0.6665713743565527,0.9054809477388274,0.8876121115729315,0.692735829948577,0.7781354365652405,0.11156406220868786,True
RandomForest,"{'n_estimators': 154, 'max_depth': 22, 'max_features': 'log2', 'max_samples': 0.6148582949822159}",0.861205535652744,0.7819435252641379,0.5823568317548516,0.667546362821788,0.9058597227268746,0.8898529160542258,0.6922651355558559,0.7787151372791051,0.1111687744573171,True
RandomForest,"{'n_estimators': 151, 'max_depth': 22, 'max_features': 'sqrt', 'max_samples': 0.6772157516737047}",0.8624340066987939,0.7772851287217621,0.5957907740754701,0.6745371288697313,0.9192088921551838,0.9078936312410814,0.7371441690077294,0.8136410382491007,0.13910390937936945,True
RandomForest,"{'n_estimators': 149, 'max_depth': 22, 'max_features': 'sqrt', 'max_samples': 0.6705781705290451}",0.8627411332635213,0.7769285870238744,0.59810087960925,0.6758835491169831,0.9187686899050912,0.9056443535135509,0.7373580086923512,0.812869636623723,0.1369860875067399,True
RandomForest,"{'n_estimators': 148, 'max_depth': 20, 'max_features': 'log2', 'max_samples': 0.6474143952014281}",0.8606527427975742,0.7844924678717881,0.5758543482711387,0.6641430769071394,0.8963289848993866,0.8729022380545177,0.6633440498614953,0.7538197516601722,0.08967667475303287,True
RandomForest,"{'n_estimators': 155, 'max_depth': 19, 'max_features': 'log2', 'max_samples': 0.6665918958772816}",0.8601818525395087,0.7862295495007924,0.5708914226016787,0.6614660186564797,0.8914663656119964,0.8652315048233493,0.6472578257472711,0.7405188352065674,0.07905281655008767,True
RandomForest,"{'n_estimators': 94, 'max_depth': 19, 'max_features': 'sqrt', 'max_samples': 0.6686510716172451}",0.862331642914838,0.7810533303981315,0.5900579157364038,0.6722489335295664,0.9029830977370136,0.8795328614779688,0.6889281492949225,0.7726332901007141,0.10038435657114775,True
RandomForest,"{'n_estimators': 95, 'max_depth': 19, 'max_features': 'sqrt', 'max_samples': 0.6687186609938192}",0.8622906815554687,0.7811466650259217,0.5897156184898064,0.6720559492534862,0.9027681150526856,0.8791914255061154,0.6882435603094569,0.7720721096011681,0.1000161603476819,True
RandomForest,"{'n_estimators': 95, 'max_depth': 20, 'max_features': 'sqrt', 'max_samples': 0.6676084433525936}",0.8623521217081195,0.7800641381719537,0.5915124648652733,0.6728266303400878,0.9080095241044943,0.8882159539766823,0.704201760644335,0.7855412970981259,0.1127146667580381,True
RandomForest,"{'n_estimators': 98, 'max_depth': 19, 'max_features': 'sqrt', 'max_samples': 0.6700110326851056}",0.8622292577516458,0.7800490359442103,0.5908277166095988,0.6723789448448151,0.9033925896571878,0.880880489469686,0.6895272188789764,0.7735202620909863,0.10114131724617126,True
RandomForest,"{'n_estimators': 101, 'max_depth': 19, 'max_features': 'sqrt', 'max_samples': 0.6631243099411881}",0.8626182730798541,0.7832518525102369,0.5887743944174555,0.6722247957514388,0.9024610123822829,0.8796358661171687,0.6862757026021442,0.771001061914473,0.09877626616303425,True
RandomForest,"{'n_estimators': 97, 'max_depth': 19, 'max_features': 'sqrt', 'max_samples': 0.7339984564145392}",0.862863944400705,0.7834982619628104,0.5898864925372479,0.6730421937289041,0.9043139221908842,0.8834895843080238,0.6912811819935444,0.7756451519572866,0.1026029582283825,True
RandomForest,"{'n_estimators': 103, 'max_depth': 24, 'max_features': 'sqrt', 'max_samples': 0.7160017596068753}",0.8617788249076254,0.7714159042285301,0.6002395399778055,0.6751399780322992,0.9315957852967413,0.9264852666567563,0.7756915326666872,0.8443663369411246,0.16922635890882542,True
RandomForest,"{'n_estimators': 98, 'max_depth': 17, 'max_features': 'sqrt', 'max_samples': 0.7126381024598409}",0.8620654940583078,0.7862305700195313,0.5816729401758515,0.6686373745539069,0.8928893238851404,0.8632068412576182,0.6564133269569629,0.7457243172359028,0.0770869426819959,True
RandomForest,"{'n_estimators': 110, 'max_depth': 24, 'max_features': 'sqrt', 'max_samples': 0.7214572283487263}",0.8613898171250298,0.7705507418928216,0.5991275077562189,0.6741117672956052,0.9320462118526351,0.9266517817734283,0.7775738874450249,0.8455581093812023,0.17144634208559717,True
RandomForest,"{'n_estimators': 112, 'max_depth': 24, 'max_features': 'sqrt', 'max_samples': 0.7137395372131611}",0.8617378786394817,0.7702698346917162,0.6016088607606059,0.6755713895784655,0.9326706754534566,0.9269097130395426,0.7801407927731422,0.8471930789995298,0.17162168942106426,True
RandomForest,"{'n_estimators': 117, 'max_depth': 24, 'max_features': 'sqrt', 'max_samples': 0.7118919654890119}",0.8619016561664433,0.7709517524659527,0.6016086191338516,0.6758314605345569,0.9322611800749826,0.9264802498226841,0.778728874319348,0.8461790153169905,0.17034755478243357,True
RandomForest,"{'n_estimators': 119, 'max_depth': 24, 'max_features': 'sqrt', 'max_samples': 0.7136127710258692}",0.8613283958364114,0.7703019418750722,0.5991274418580131,0.6740142473610313,0.9325682978361476,0.9283745305779538,0.7782583281785588,0.8466862278682245,0.17267198050719312,True
RandomForest,"{'n_estimators': 114, 'max_depth': 25, 'max_features': 'sqrt', 'max_samples': 0.7330970109963025}",0.8621064252352256,0.7704753363323915,0.6034914846338565,0.6768304429803137,0.9387105634580438,0.9366653674968498,0.7978100565061689,0.8616531654585874,0.1848227224782737,True
RandomForest,"{'n_estimators': 165, 'max_depth': 25, 'max_features': 'sqrt', 'max_samples': 0.6969512439738669}",0.8626797031716876,0.7720734458865817,0.604603780448266,0.678152093084957,0.9368474085938431,0.9343186851386163,0.7917348625553045,0.8571161392214507,0.17896404613649364,True
RandomForest,"{'n_estimators': 114, 'max_depth': 24, 'max_features': 'sqrt', 'max_samples': 0.7853034091866256}",0.8623111477727287,0.772662636990941,0.6016085093035087,0.6764830645102773,0.9356701449069001,0.9317807905797458,0.7889112178261461,0.8543934275006541,0.17791036299037677,True
RandomForest,"{'n_estimators': 115, 'max_depth': 24, 'max_features': 'sqrt', 'max_samples': 0.7888955075166505}",0.8624545005833011,0.7730122647564429,0.6019512019393404,0.6768385965914739,0.9350047293788606,0.9309519274705269,0.7867292568752218,0.8527677921419965,0.17592919555052255,True
RandomForest,"{'n_estimators': 164, 'max_depth': 25, 'max_features': 'log2', 'max_samples': 0.6941662252369141}",0.8612669707749863,0.7761179456560967,0.5905709991661681,0.6707472984576007,0.9236415599071165,0.9179722641938307,0.7477116216160894,0.8241100511710768,0.1533627527134761,True
RandomForest,"{'n_estimators': 137, 'max_depth': 17, 'max_features': 'log2', 'max_samples': 0.792478162213488}",0.859035307985004,0.7887200053739519,0.5612227280275612,0.6557790744541342,0.8848532040728058,0.8543786344060881,0.6254387268835705,0.7221577646927132,0.06637869023857901,True
RandomForest,"{'n_estimators': 53, 'max_depth': 17, 'max_features': 'log2', 'max_samples': 0.7758374996928047}",0.8592810019426934,0.7857995681054244,0.566271475126942,0.6581545849427201,0.8841059035537828,0.8492693692453571,0.6269788338410797,0.7213567251328042,0.06320214019008419,True
RandomForest,"{'n_estimators': 53, 'max_depth': 17, 'max_features': 'log2', 'max_samples': 0.640222150198493}",0.857520223122766,0.782600706046316,0.5601963195412781,0.6529123995105809,0.8825396182512389,0.8466193061196182,0.6218020685603028,0.7169759007433902,0.06406350123280935,True
RandomForest,"{'n_estimators': 51, 'max_depth': 25, 'max_features': 'sqrt', 'max_samples': 0.7840882547323007}",0.8604275452395961,0.7642280821082269,0.6026356646361233,0.6738746688902452,0.9396626088367858,0.9359999608707934,0.8027299835512834,0.8642373025071661,0.19036263361692096,True
RandomForest,"{'n_estimators': 136, 'max_depth': 28, 'max_features': 'log2', 'max_samples': 0.7850278010815325}",0.8602432675401165,0.768416027902806,0.5953626334328835,0.6709073044201896,0.9451804001685705,0.9463249812284461,0.8172761281620599,0.8770449549462166,0.20613765052602695,True
GradientBoosting,"{'n_estimators': 155, 'learning_rate': 0.09177934810114168, 'max_depth': 3, 'subsample': 0.9044826906565384}",0.8722821130090339,0.7823168720020567,0.6460173760388852,0.7076630673848044,0.888333833362596,0.8226807075837289,0.6799013472344887,0.7444561862288485,0.036793118844044015,False
GradientBoosting,"{'n_estimators': 150, 'learning_rate': 0.12895068953625444, 'max_depth': 5, 'subsample': 0.699798833209973}",0.8722821130090339,0.7823168720020567,0.6460173760388852,0.7076630673848044,0.888333833362596,0.8226807075837289,0.6799013472344887,0.7444561862288485,0.036793118844044015,False
GradientBoosting,"{'n_estimators': 188, 'learning_rate': 0.10141889344079426, 'max_depth': 6, 'subsample': 0.8951957858116303}",0.8722821130090339,0.7823168720020567,0.6460173760388852,0.7076630673848044,0.888333833362596,0.8226807075837289,0.6799013472344887,0.7444561862288485,0.036793118844044015,False
GradientBoosting,"{'n_estimators': 105, 'learning_rate': 0.15293074708806734, 'max_depth': 4, 'subsample': 0.8829043557649986}",0.8722821130090339,0.7823168720020567,0.6460173760388852,0.7076630673848044,0.888333833362596,0.8226807075837289,0.6799013472344887,0.7444561862288485,0.036793118844044015,False
GradientBoosting,"{'n_estimators': 73, 'learning_rate': 0.1838852438206392, 'max_depth': 5, 'subsample': 0.6276530101690112}",0.8722821130090339,0.7823168720020567,0.6460173760388852,0.7076630673848044,0.888333833362596,0.8226807075837289,0.6799013472344887,0.7444561862288485,0.036793118844044015,False
GradientBoosting,"{'n_estimators': 62, 'learning_rate': 0.18986153254357307, 'max_depth': 7, 'subsample': 0.6135719082503034}",0.8722821130090339,0.7823168720020567,0.6460173760388852,0.7076630673848044,0.888333833362596,0.8226807075837289,0.6799013472344887,0.7444561862288485,0.036793118844044015,False
GradientBoosting,"{'n_estimators': 148, 'learning_rate': 0.12980353164616174, 'max_depth': 4, 'subsample': 0.9435091726585921}",0.8722821130090339,0.7823168720020567,0.6460173760388852,0.7076630673848044,0.888333833362596,0.8226807075837289,0.6799013472344887,0.7444561862288485,0.036793118844044015,False
GradientBoosting,"{'n_estimators': 64, 'learning_rate': 0.12060118094577237, 'max_depth': 6, 'subsample': 0.7425671126215229}",0.8722821130090339,0.7823168720020567,0.6460173760388852,0.7076630673848044,0.888333833362596,0.8226807075837289,0.6799013472344887,0.7444561862288485,0.036793118844044015,False
GradientBoosting,"{'n_estimators': 90, 'learning_rate': 0.0579710430254975, 'max_depth': 7, 'subsample': 0.9042592636086693}",0.8716678749708048,0.789455265124313,0.6323267821730417,0.7022062727930262,0.8875762972197001,0.8284938042344159,0.6685639674360568,0.7399465495589332,0.03774027676590708,False
GradientBoosting,"{'n_estimators': 62, 'learning_rate': 0.16761403214576467, 'max_depth': 3, 'subsample': 0.6130989499078294}",0.8670816439334957,0.7874888211981944,0.6087964439570906,0.6867081300652517,0.869773982189504,0.7935762762662976,0.6160268871021346,0.6935679348558251,0.006859804790573465,False
GradientBoosting,"{'n_estimators': 158, 'learning_rate': 0.14990226187465325, 'max_depth': 7, 'subsample': 0.7410848153705522}",0.86699978157966,0.75753621174098,0.6532907806652908,0.7015448681979186,0.930428739313391,0.8969798245338397,0.8012750885096978,0.8464277372778022,0.14488286907988357,True
GradientBoosting,"{'n_estimators': 183, 'learning_rate': 0.13623732229011754, 'max_depth': 4, 'subsample': 0.9650692977289677}",0.8738790753163336,0.7845598946378572,0.6519214159503531,0.712114839946476,0.8877400832356016,0.8174598967314544,0.6834520743454227,0.7444631264637392,0.03234828651726329,False
GradientBoosting,"{'n_estimators': 175, 'learning_rate': 0.15728251106607602, 'max_depth': 6, 'subsample': 0.6497711506337941}",0.8681463336797776,0.7612349244820162,0.6541462492059266,0.703635907346929,0.9175709606294382,0.8702738895162802,0.7703433881527246,0.817258328176549,0.11362242082961993,True
GradientBoosting,"{'n_estimators': 168, 'learning_rate': 0.19056338610121343, 'max_depth': 5, 'subsample': 0.6587713173836973}",0.8683101225251585,0.7608478547419079,0.6557718700768549,0.7044125363938373,0.9060951706855218,0.848663022715782,0.7394114571816356,0.790276946525302,0.08586441013146473,True
GradientBoosting,"{'n_estimators': 61, 'learning_rate': 0.09611398631940496, 'max_depth': 6, 'subsample': 0.9237582465978434}",0.8719545139390358,0.7890714963555272,0.6344659916933115,0.7033693464600849,0.8828979355103481,0.8168800316306805,0.6581677018824525,0.7289482141412646,0.025578867681179784,False
GradientBoosting,"{'n_estimators': 128, 'learning_rate': 0.19275627542688253, 'max_depth': 4, 'subsample': 0.6415507249251101}",0.8705008818054699,0.7723168268030071,0.6505530177424329,0.7062138301630694,0.8885897453379986,0.8170469885349393,0.6885856598783535,0.7473359036715698,0.04112207350850039,False
GradientBoosting,"{'n_estimators': 122, 'learning_rate': 0.1410589324385139, 'max_depth': 3, 'subsample': 0.6741767710526997}",0.869763778553165,0.7827352584904251,0.6307868070034856,0.6985896177982914,0.8751689252850156,0.796156738227246,0.6429370067218964,0.7113642746380847,0.012774656839793286,False
GradientBoosting,"{'n_estimators': 194, 'learning_rate': 0.06739898929932224, 'max_depth': 3, 'subsample': 0.9927946696781385}",0.8699480436766232,0.7916489155724484,0.6194924036941655,0.6950561388190359,0.8727529690771298,0.7994282210067797,0.6250538703593741,0.7015388683981136,0.006482729579077695,False
GradientBoosting,"{'n_estimators': 137, 'learning_rate': 0.0814275703998972, 'max_depth': 3, 'subsample': 0.8065795322136534}",0.86783918950862,0.787457433994331,0.6131607722918253,0.6894391092927273,0.8708591045117925,0.796489350900326,0.618294142331167,0.6961511118949945,0.00671200260226712,False
GradientBoosting,"{'n_estimators': 198, 'learning_rate': 0.0806580023619786, 'max_depth': 3, 'subsample': 0.9982230796737356}",0.8706646442412059,0.7894851428290722,0.6265089590807288,0.6986016453565456,0.8744420843812759,0.8001563542291515,0.6335247331662895,0.7071303824046907,0.008528737048145163,False
GradientBoosting,"{'n_estimators': 197, 'learning_rate': 0.07997966377327403, 'max_depth': 3, 'subsample': 0.9870815965425156}",0.8709103419717019,0.7897408595268383,0.6275357629562462,0.6993385421073103,0.8742168751904105,0.7991557581485159,0.6335675779745861,0.7067694180917767,0.007430875984466456,False
GradientBoosting,"{'n_estimators': 198, 'learning_rate': 0.08581231556992194, 'max_depth': 3, 'subsample': 0.9928208097077665}",0.8712583946829388,0.7892185742980588,0.6302737235737211,0.7008284670083151,0.8750972664861788,0.799989109604327,0.6373752586282405,0.7094563131478115,0.008627846139496409,False
GradientBoosting,"{'n_estimators': 197, 'learning_rate': 0.0674300626904919, 'max_depth': 3, 'subsample': 0.9987084733223258}",0.8697432985022814,0.7906645611589233,0.6196636950969099,0.6947743669831637,0.8725994171131468,0.7989469945242699,0.6247971474307699,0.7011974992488965,0.006423132265732767,False
GradientBoosting,"{'n_estimators': 198, 'learning_rate': 0.06647965439112438, 'max_depth': 3, 'subsample': 0.9883572429567783}",0.869006210341202,0.7885832359746977,0.6182945720087267,0.6931062680859444,0.872282074417399,0.7971903990106113,0.6253105768155415,0.7008488849005644,0.0077426168146199625,False
GradientBoosting,"{'n_estimators': 200, 'learning_rate': 0.06228777162915669, 'max_depth': 3, 'subsample': 0.9764209863189367}",0.8689448066590133,0.7900762043545345,0.6158987768414376,0.6921831509433192,0.872056845419908,0.7980288069112308,0.6230002955814071,0.6997049575075819,0.007521806564262712,False
GradientBoosting,"{'n_estimators': 198, 'learning_rate': 0.05491099442823803, 'max_depth': 4, 'subsample': 0.9986574079050882}",0.8722616329581504,0.7911150547017214,0.6333538935735191,0.7034883536191318,0.8781376812646319,0.806046383090643,0.6462312634815914,0.7173151628279527,0.013826809208820956,False
GradientBoosting,"{'n_estimators': 200, 'learning_rate': 0.11068425412865301, 'max_depth': 4, 'subsample': 0.8419395046604254}",0.8741657331485966,0.785204983133588,0.6526059884774791,0.7127780949994204,0.886982538604152,0.8159582319650734,0.6813557920294665,0.7425897545491749,0.02981165954975451,False
GradientBoosting,"{'n_estimators': 179, 'learning_rate': 0.1100238715559653, 'max_depth': 4, 'subsample': 0.8316555154616652}",0.8731829711514622,0.784094736949975,0.6485844186767816,0.7099287402281512,0.8854879209033895,0.8139534672157432,0.6759223587282084,0.738530987651434,0.028602247423282767,False
GradientBoosting,"{'n_estimators': 173, 'learning_rate': 0.11294705684456428, 'max_depth': 4, 'subsample': 0.8400820384177488}",0.8735514976255717,0.7850126081913237,0.6493545490410054,0.710761096080016,0.8849862939063785,0.813242875070105,0.6741681869627735,0.7371891526036224,0.026428056523606358,False
GradientBoosting,"{'n_estimators': 171, 'learning_rate': 0.11513728245698544, 'max_depth': 4, 'subsample': 0.8383035770469643}",0.8736948202536926,0.7856176332760446,0.6493545490410054,0.7110136839193393,0.8847815594215586,0.8120373995379406,0.6746388648830576,0.7369731358612875,0.025959451941948264,False
GradientBoosting,"{'n_estimators': 176, 'learning_rate': 0.11712454629873026, 'max_depth': 5, 'subsample': 0.8472097588538425}",0.873510576509471,0.7798260333282617,0.6567990034434009,0.7130415098814855,0.895499797817426,0.8316662805482387,0.7062124082518211,0.7638110587353512,0.05076954885386564,True
GradientBoosting,"{'n_estimators': 170, 'learning_rate': 0.11694933757029786, 'max_depth': 5, 'subsample': 0.8490549564763914}",0.872486888365827,0.7777718147831946,0.6539752213960052,0.7105207008482206,0.8951312726008411,0.8310086867595886,0.7051002057868593,0.7628781122583997,0.05235741141017913,True
GradientBoosting,"{'n_estimators': 177, 'learning_rate': 0.11459376273489048, 'max_depth': 4, 'subsample': 0.8505139850096788}",0.8740019367576028,0.7868687820339128,0.6492690790681818,0.711466243762457,0.8854981590423895,0.8138299608069754,0.6761362313577038,0.7386130460866115,0.02714680232415445,False
GradientBoosting,"{'n_estimators': 179, 'learning_rate': 0.10981039659993416, 'max_depth': 4, 'subsample': 0.8514994181827232}",0.873326277430755,0.7853242126117923,0.647643018875882,0.7098652066332103,0.8850067811880593,0.8130171009032597,0.6745533948989563,0.7373192080811997,0.027454001447989373,False
GradientBoosting,"{'n_estimators': 179, 'learning_rate': 0.11446658152272512, 'max_depth': 4, 'subsample': 0.8459688349065064}",0.8729372834817832,0.7836417357512612,0.6478144640411064,0.7092779493863605,0.8856619453726818,0.8134552542107317,0.6775481003941876,0.7392853067774346,0.030007357391074185,False
GradientBoosting,"{'n_estimators': 180, 'learning_rate': 0.11572263554829906, 'max_depth': 4, 'subsample': 0.8407073912324643}",0.8734696063468866,0.7827966974097889,0.652178023563441,0.7115232328089133,0.8864706869869489,0.814764645397592,0.6801578779846628,0.7413882917905373,0.02986505898162406,False
GradientBoosting,"{'n_estimators': 164, 'learning_rate': 0.11394667424336925, 'max_depth': 4, 'subsample': 0.8612885505021807}",0.8735310326659138,0.7858860347572533,0.6479856016813708,0.7103000757473071,0.8844027866342475,0.8127402207806785,0.6716440989888911,0.7354698843039632,0.02516980855665607,False
GradientBoosting,"{'n_estimators': 164, 'learning_rate': 0.10706770924975373, 'max_depth': 5, 'subsample': 0.8644559550599825}",0.8742271758164516,0.7840838371529042,0.6546595962285139,0.7135494902457583,0.8927972095581017,0.82761397785685,0.6971853426323973,0.7568086934764376,0.04325920323067933,False
GradientBoosting,"{'n_estimators': 183, 'learning_rate': 0.11876046180462724, 'max_depth': 5, 'subsample': 0.8672018266884857}",0.8728554010063131,0.7781064104872347,0.6556860706130027,0.7116567513116353,0.8966668252517143,0.8347002004270087,0.7084370657591101,0.7663964472104521,0.054739695898816776,True
GradientBoosting,"{'n_estimators': 182, 'learning_rate': 0.13514710769293536, 'max_depth': 5, 'subsample': 0.7752343273095696}",0.8716474225871682,0.7737286505630657,0.6551732288099926,0.7095297664491023,0.9000143471020423,0.8389050789858742,0.7205017475718091,0.7751964334474059,0.06566666699830359,True
GradientBoosting,"{'n_estimators': 185, 'learning_rate': 0.13133752289443326, 'max_depth': 5, 'subsample': 0.7681880602578998}",0.8717702802556313,0.7715957862161087,0.6592801367871023,0.7110163656111874,0.8994001232121751,0.836101445739773,0.7208867907836233,0.774219654448104,0.06320328883691662,True
GradientBoosting,"{'n_estimators': 184, 'learning_rate': 0.13380297033638117, 'max_depth': 5, 'subsample': 0.87393045555694}",0.8727735021820152,0.776270218800646,0.657911123529262,0.7122051651467349,0.8997277172513399,0.8390734596707173,0.7187905029768548,0.7742783381386413,0.0620731729919064,True
GradientBoosting,"{'n_estimators': 159, 'learning_rate': 0.13292213902180347, 'max_depth': 5, 'subsample': 0.7761238311598575}",0.8723230479587584,0.7753773995208014,0.6566275582781765,0.7110776686069041,0.8966053970464962,0.8327196107391167,0.7106618275918325,0.7668431796886629,0.055765511081758756,True
GradientBoosting,"{'n_estimators': 160, 'learning_rate': 0.1266816505147037, 'max_depth': 5, 'subsample': 0.7906269888546054}",0.8726096894421936,0.7761985965100001,0.6570553035315289,0.7116743305611569,0.8954793158803902,0.8299603276007707,0.708308685076965,0.7643139097335555,0.05263957917239859,True
GradientBoosting,"{'n_estimators': 188, 'learning_rate': 0.13425970810878707, 'max_depth': 5, 'subsample': 0.7886920066957381}",0.8717088099205291,0.7730331270630174,0.6566273825496279,0.7100880972935943,0.9002702675659989,0.840129025810285,0.72028777061688,0.7755950283187789,0.06550693102518457,True
GradientBoosting,"{'n_estimators': 188, 'learning_rate': 0.12968045749140145, 'max_depth': 5, 'subsample': 0.7739181583282271}",0.8714836349993896,0.7723388042860914,0.6563710824615,0.7096468180576004,0.8991237182960559,0.8380745975940057,0.7169507184661992,0.772782307252634,0.06313548919503353,True
GradientBoosting,"{'n_estimators': 151, 'learning_rate': 0.13085872365757528, 'max_depth': 5, 'subsample': 0.7991845576788115}",0.872834924728236,0.778966304400746,0.6541464249344752,0.7111123872900925,0.8954690856011623,0.831068998158944,0.7068112801666325,0.7639172922326233,0.05280490494253076,True
GradientBoosting,"{'n_estimators': 148, 'learning_rate': 0.12610372726985797, 'max_depth': 5, 'subsample': 0.9310128742834551}",0.8737767517756462,0.7822887628113078,0.6546599696516796,0.7127954407417015,0.8941587367965097,0.8293411154920145,0.702148032123624,0.7604548998803914,0.04765945913868985,False
GradientBoosting,"{'n_estimators': 158, 'learning_rate': 0.09760588307745796, 'max_depth': 5, 'subsample': 0.8733573835612294}",0.8742067158872023,0.7846677248130018,0.6536331657761623,0.7131789049008296,0.8900127196450774,0.8215919710304113,0.6902117529563192,0.750182148712915,0.03700324381208542,False
GradientBoosting,"{'n_estimators': 150, 'learning_rate': 0.09950627116117644, 'max_depth': 5, 'subsample': 0.8826247657554008}",0.8730806199435276,0.7809499449079783,0.6526062960024391,0.7110291242477443,0.8897158368790038,0.8219583402754452,0.6881581452334785,0.7491187972288045,0.03808967298106014,False
XGBoost,"{'max_depth': 6, 'learning_rate': 0.020754683385988987, 'subsample': 0.751528668603917, 'gamma': 3}",0.874083828036288,0.7867852932210181,0.6498678521314555,0.7118005858444588,0.8813214177278401,0.8042161950504108,0.6662106272519468,0.7287258264289412,0.016925240584482415,False
XGBoost,"{'max_depth': 4, 'learning_rate': 0.2545539112098299, 'subsample': 0.6687199847328331, 'gamma': 5}",0.874083828036288,0.7867852932210181,0.6498678521314555,0.7118005858444588,0.8813214177278401,0.8042161950504108,0.6662106272519468,0.7287258264289412,0.016925240584482415,False
XGBoost,"{'max_depth': 9, 'learning_rate': 0.16520328165195425, 'subsample': 0.7340754005482312, 'gamma': 5}",0.874083828036288,0.7867852932210181,0.6498678521314555,0.7118005858444588,0.8813214177278401,0.8042161950504108,0.6662106272519468,0.7287258264289412,0.016925240584482415,False
XGBoost,"{'max_depth': 7, 'learning_rate': 0.26373577250789587, 'subsample': 0.8964581847287323, 'gamma': 5}",0.874083828036288,0.7867852932210181,0.6498678521314555,0.7118005858444588,0.8813214177278401,0.8042161950504108,0.6662106272519468,0.7287258264289412,0.016925240584482415,False
XGBoost,"{'max_depth': 7, 'learning_rate': 0.0730096310057605, 'subsample': 0.955541246442199, 'gamma': 3}",0.874083828036288,0.7867852932210181,0.6498678521314555,0.7118005858444588,0.8813214177278401,0.8042161950504108,0.6662106272519468,0.7287258264289412,0.016925240584482415,False
XGBoost,"{'max_depth': 3, 'learning_rate': 0.2582935523101837, 'subsample': 0.9954968110898395, 'gamma': 5}",0.874083828036288,0.7867852932210181,0.6498678521314555,0.7118005858444588,0.8813214177278401,0.8042161950504108,0.6662106272519468,0.7287258264289412,0.016925240584482415,False
XGBoost,"{'max_depth': 5, 'learning_rate': 0.15189465938568714, 'subsample': 0.6668264806130987, 'gamma': 2}",0.874083828036288,0.7867852932210181,0.6498678521314555,0.7118005858444588,0.8813214177278401,0.8042161950504108,0.6662106272519468,0.7287258264289412,0.016925240584482415,False
XGBoost,"{'max_depth': 5, 'learning_rate': 0.1304031442701875, 'subsample': 0.8190001479920792, 'gamma': 3}",0.874083828036288,0.7867852932210181,0.6498678521314555,0.7118005858444588,0.8813214177278401,0.8042161950504108,0.6662106272519468,0.7287258264289412,0.016925240584482415,False
XGBoost,"{'max_depth': 6, 'learning_rate': 0.11270514146806629, 'subsample': 0.9310869920607455, 'gamma': 4}",0.8722002078967254,0.7850477130009498,0.6415682806455213,0.7060860080807879,0.8769706550879072,0.7970821346456208,0.6517929072498138,0.7171261616683974,0.011040153587609458,False
XGBoost,"{'max_depth': 4, 'learning_rate': 0.1321352141706365, 'subsample': 0.735501524344162, 'gamma': 4}",0.8722002078967254,0.7850477130009498,0.6415682806455213,0.7060860080807879,0.8769706550879072,0.7970821346456208,0.6517929072498138,0.7171261616683974,0.011040153587609458,False
XGBoost,"{'max_depth': 4, 'learning_rate': 0.037653875007873316, 'subsample': 0.9015370466207808, 'gamma': 0}",0.8604480227752754,0.7977769478582127,0.5583136956680276,0.6568674850648656,0.8625261138802377,0.8040616617002949,0.5625910980666982,0.6619638771900629,0.005096392125197302,False
XGBoost,"{'max_depth': 8, 'learning_rate': 0.07379940386974569, 'subsample': 0.6454511437297666, 'gamma': 5}",0.8725892056185036,0.7855387844468602,0.6431080581204601,0.7072233495850363,0.8796630130680034,0.8020297541731526,0.6600072447973675,0.724101717416711,0.016878367831674734,False
XGBoost,"{'max_depth': 8, 'learning_rate': 0.21329363847537014, 'subsample': 0.7898801257929878, 'gamma': 0}",0.869088135575145,0.7642885755424161,0.6548309315633953,0.7053316222980731,0.9145919693403398,0.8648783708518938,0.7621291878754782,0.8102511451765353,0.10491952287846218,True
XGBoost,"{'max_depth': 7, 'learning_rate': 0.1383583951814885, 'subsample': 0.9808440411617168, 'gamma': 4}",0.8732238859795521,0.7892545364933051,0.6414821956227775,0.7077355178910957,0.8809426499707831,0.808130541613992,0.6588949984059074,0.7258862468558038,0.01815072896470815,False
XGBoost,"{'max_depth': 6, 'learning_rate': 0.14926578763065132, 'subsample': 0.714699485020546, 'gamma': 1}",0.8732034499447435,0.7805282961714569,0.653975023701388,0.7116649332982271,0.8904119533052354,0.8207169918936779,0.6935058669548949,0.7517612715009205,0.04009633820269343,False
XGBoost,"{'max_depth': 10, 'learning_rate': 0.09476117178274421, 'subsample': 0.6022202369823533, 'gamma': 5}",0.8724254331219505,0.7829471980430359,0.6459317523035816,0.7078605947649109,0.8813930812425402,0.8043277306727422,0.6664675149049197,0.7289003255666326,0.021039730801721723,False
XGBoost,"{'max_depth': 4, 'learning_rate': 0.04066308893594025, 'subsample': 0.9572373651362102, 'gamma': 0}",0.8616969462049617,0.7979667187928977,0.5651592012786009,0.6616031574382093,0.8639081211693361,0.8039161288491368,0.5704201947331953,0.6672865179130748,0.0056833604748655064,False
XGBoost,"{'max_depth': 10, 'learning_rate': 0.01792822610955866, 'subsample': 0.826564599744815, 'gamma': 0}",0.8653208487647404,0.8228158807557094,0.5572009824983152,0.6644122117248024,0.8765407044956223,0.8526240426277051,0.585266049841992,0.6940332086703237,0.02962099694552134,False
XGBoost,"{'max_depth': 9, 'learning_rate': 0.20158377046732248, 'subsample': 0.6072918295128183, 'gamma': 1}",0.8661193934272983,0.7555199169893866,0.6512371070160502,0.6995039029323502,0.9208058613788124,0.8766555693847331,0.7786003014587726,0.8247147466978659,0.12521084376551572,True
XGBoost,"{'max_depth': 3, 'learning_rate': 0.209671569365519, 'subsample': 0.7259938839069624, 'gamma': 1}",0.8715655099292469,0.7848826129961001,0.6381454399759603,0.7039478500120402,0.8767659171447875,0.7996669718876038,0.6471297745138633,0.7153114678780366,0.011363617865996378,False
XGBoost,"{'max_depth': 3, 'learning_rate': 0.2997798981808185, 'subsample': 0.6042713231975813, 'gamma': 2}",0.8731829585754406,0.783927574145907,0.648840894493458,0.7100105221926506,0.8795708786199484,0.7997766808672346,0.6625741116897989,0.7247307083017812,0.014720186109130617,False
XGBoost,"{'max_depth': 3, 'learning_rate': 0.20735639555996013, 'subsample': 0.6195448460005716, 'gamma': 2}",0.8717497725375005,0.784773679537819,0.6393434473899477,0.7046289125223012,0.8765918889028045,0.7966871923502407,0.6501672424552066,0.7159950375437699,0.01136612502146872,False
XGBoost,"{'max_depth': 3, 'learning_rate': 0.2918486798611402, 'subsample': 0.6085459960223364, 'gamma': 2}",0.8729987160888212,0.7836424815839095,0.6481569589823208,0.7094791960766719,0.8793559078824736,0.7998417973664832,0.6612905739181497,0.7239966138034383,0.014517417726766402,False
XGBoost,"{'max_depth': 3, 'learning_rate': 0.21003175272740576, 'subsample': 0.801490254084471, 'gamma': 2}",0.872630168235475,0.7880826959151573,0.6396859203650936,0.7061641443234179,0.8764076137188769,0.7978505236019906,0.6475573660301103,0.7148827058807434,0.008718561557325533,False
XGBoost,"{'max_depth': 3, 'learning_rate': 0.21330520288144217, 'subsample': 0.8164545378297224, 'gamma': 2}",0.8717088011173141,0.786053599692195,0.6372896199782273,0.7038943924169949,0.8763666668219129,0.7978906876306523,0.6473008956788713,0.7147146382625283,0.010820245845533427,False
XGBoost,"{'max_depth': 3, 'learning_rate': 0.010535506860657413, 'subsample': 0.8144653906188284, 'gamma': 2}",0.8735105589030409,0.7856904220825571,0.6481567393216351,0.7103246000491299,0.8787928595968442,0.7988947741691299,0.6594509925675487,0.7224973740056065,0.012172773956476646,False
XGBoost,"{'max_depth': 3, 'learning_rate': 0.28579440039562803, 'subsample': 0.7732692178624695, 'gamma': 2}",0.8735105589030409,0.7856904220825571,0.6481567393216351,0.7103246000491299,0.8787928595968442,0.7988947741691299,0.6594509925675487,0.7224973740056065,0.012172773956476646,False
XGBoost,"{'max_depth': 5, 'learning_rate': 0.23801198414346897, 'subsample': 0.7776710389307208, 'gamma': 2}",0.8732444175921236,0.7786451991836546,0.657055501226146,0.7126976494638807,0.886849444369107,0.8113542737690267,0.6868318724697788,0.7439002473399596,0.03120259787607893,False
XGBoost,"{'max_depth': 5, 'learning_rate': 0.18754561684143736, 'subsample': 0.7675741963097577, 'gamma': 4}",0.8731010522055298,0.7840664599390977,0.6481564098306065,0.7096597612303585,0.8801236739902066,0.8018667437444073,0.662787956865233,0.7257150606506723,0.016055299420313807,False
XGBoost,"{'max_depth': 5, 'learning_rate': 0.18783993303741114, 'subsample': 0.7631896424548109, 'gamma': 4}",0.8730805746698506,0.7824770508497138,0.6503810893236999,0.7103396983864566,0.8800827321234967,0.7999835217006813,0.6651410499627898,0.7263505566756597,0.016010858289203123,False
XGBoost,"{'max_depth': 5, 'learning_rate': 0.18317315335495454, 'subsample': 0.7685932047437634, 'gamma': 4}",0.8729577522142474,0.7829611911709651,0.6490121199979967,0.7097175297470928,0.8795606395377757,0.7998998770500511,0.662403050923726,0.7246533813041872,0.014935851557094426,False
XGBoost,"{'max_depth': 5, 'learning_rate': 0.18006519363528234, 'subsample': 0.6887421502744159, 'gamma': 4}",0.8738381466546198,0.784054273586019,0.6524347190408033,0.712187740541229,0.8804410393220978,0.8002409130144361,0.6667668904633904,0.7274230502228746,0.015235309681645548,False
XGBoost,"{'max_depth': 5, 'learning_rate': 0.1847104240750241, 'subsample': 0.689673806665511, 'gamma': 4}",0.8730191659572534,0.7815466585522316,0.6514078273010115,0.7105670639143747,0.880246534802115,0.7986727539123274,0.6678791972537855,0.7274355558729235,0.01686849195854878,False
XGBoost,"{'max_depth': 5, 'learning_rate': 0.17745331160570585, 'subsample': 0.6852859073914603, 'gamma': 4}",0.8730601336046333,0.7817552927175466,0.6513224671585309,0.7106014620570855,0.8801646303188971,0.799664737508739,0.666039528050188,0.7267513464777138,0.016149884420628258,False
XGBoost,"{'max_depth': 5, 'learning_rate': 0.17547325999195318, 'subsample': 0.6868142672166619, 'gamma': 4}",0.8732239262228206,0.7830842808897192,0.6502957291812193,0.71052268246833,0.8799803636235232,0.7993860155787379,0.6653977783822064,0.7262535040053734,0.015730821537043416,False
XGBoost,"{'max_depth': 5, 'learning_rate': 0.24461375834227334, 'subsample': 0.6896845385756651, 'gamma': 3}",0.8721183115876316,0.7763579073505628,0.6539748040407022,0.7099199132253128,0.8842594662070559,0.8069721441872745,0.6786175678670988,0.7372430503157678,0.027323137090454974,False
XGBoost,"{'max_depth': 6, 'learning_rate': 0.2430293512147495, 'subsample': 0.6810275607689587, 'gamma': 3}",0.8732034524599478,0.779157850066894,0.6560288730791771,0.712296032917203,0.8872589400619718,0.8115851986687609,0.6887142821562394,0.7451139854120035,0.03281795249480046,False
XGBoost,"{'max_depth': 6, 'learning_rate': 0.2352981219811802, 'subsample': 0.6909088696059738, 'gamma': 3}",0.8723435305248461,0.7791192767375934,0.6510660352739915,0.7093512808432969,0.8860816707159929,0.8117263339884694,0.6821258564898458,0.7412868820156672,0.031935601172370265,False
XGBoost,"{'max_depth': 6, 'learning_rate': 0.2551871753174309, 'subsample': 0.688974685645317, 'gamma': 3}",0.8722821192970448,0.7757851071434899,0.6558571862871984,0.7107802861071247,0.8863273564992492,0.8098754178687028,0.6860191498887209,0.7427820847657967,0.03200179865867192,False
XGBoost,"{'max_depth': 6, 'learning_rate': 0.23350984167608177, 'subsample': 0.6883140110485878, 'gamma': 3}",0.8720364291121615,0.7770863531133227,0.6523493808643912,0.7092679323944192,0.886962062640543,0.8126389441044658,0.6856768251965205,0.7437612918312356,0.03449335943681642,False
XGBoost,"{'max_depth': 6, 'learning_rate': 0.24842570363092287, 'subsample': 0.858165473230668, 'gamma': 3}",0.873551526550421,0.783862605326305,0.6511513734504036,0.7113625457838658,0.8853343532198625,0.810859062612924,0.6792592461545205,0.7392255562278253,0.027863010443959446,False
XGBoost,"{'max_depth': 6, 'learning_rate': 0.24258778286552785, 'subsample': 0.8576748427083009, 'gamma': 3}",0.8733058325927314,0.7801832744768765,0.6550875172104147,0.7121835585031233,0.8853241238838071,0.8096835148318631,0.6807567608810988,0.7396309717432336,0.02744741324011024,False
XGBoost,"{'max_depth': 6, 'learning_rate': 0.23806073676109257, 'subsample': 0.6476017995081117, 'gamma': 3}",0.8720159490612781,0.7744959781206527,0.6561996153302071,0.7104496263173029,0.887340838257372,0.8118148606738873,0.688842712255695,0.7452799925657825,0.03483036624847957,False
XGBoost,"{'max_depth': 6, 'learning_rate': 0.23841313541803472, 'subsample': 0.8669383033477509, 'gamma': 3}",0.8740428930865637,0.783951142351205,0.6538038860611236,0.7129850808548966,0.8847508446901678,0.8092274374073084,0.6782752761197721,0.737973704369573,0.024988623514676345,False
XGBoost,"{'max_depth': 6, 'learning_rate': 0.23385698087648588, 'subsample': 0.847106163488564, 'gamma': 3}",0.8733467499360258,0.7834267029492502,0.6505521390996899,0.7108317820747901,0.8846996684571485,0.8099610619665016,0.6769920677968604,0.7374981490190112,0.026666366944221087,False
XGBoost,"{'max_depth': 6, 'learning_rate': 0.27038183750545314, 'subsample': 0.6517867659645721, 'gamma': 3}",0.872404963131884,0.7765931182101853,0.6553437733664055,0.7108230046922045,0.8871770424953532,0.8112409217808171,0.6887572367807816,0.7449718173227677,0.03414881263056324,False
XGBoost,"{'max_depth': 7, 'learning_rate': 0.27351893967744956, 'subsample': 0.847948922157379, 'gamma': 3}",0.8727325584290758,0.7797626080488419,0.6523496224911455,0.7103812812458653,0.8860407125009573,0.8121323485586315,0.6813555174888521,0.7410144407779741,0.030633159532108767,False
XGBoost,"{'max_depth': 7, 'learning_rate': 0.2721525552427007, 'subsample': 0.7438022788933512, 'gamma': 3}",0.8723435481312761,0.7766828288889333,0.6547453297941604,0.7105188663855976,0.888129077184805,0.8148748875031427,0.6890137071320205,0.746665687724776,0.03614682133917846,False
XGBoost,"{'max_depth': 4, 'learning_rate': 0.27371998032123473, 'subsample': 0.6446516892487602, 'gamma': 5}",0.8732853512842458,0.7816067697713316,0.6528627718191156,0.711456305895276,0.8779124645283852,0.7945307453385096,0.6606489779929121,0.7214022112494763,0.009945905354200368,False
XGBoost,"{'max_depth': 7, 'learning_rate': 0.2724756897468651, 'subsample': 0.853659069969143, 'gamma': 3}",0.8731830013339135,0.7797593912059817,0.6550020911697283,0.7119563201546605,0.8871360886817898,0.813311738142877,0.6857195107712606,0.7440756874106137,0.03211936725595321,False
